Split,Model,Category,Windows,Overall_MAE,Overall_RMSE,H1_MAE,H2_MAE,H3_MAE,H4_MAE,H5_MAE,H1_RMSE,H2_RMSE,H3_RMSE,H4_RMSE,H5_RMSE,MAE_Delta_H1_to_H5,MAE_Pct_Change_H1_to_H5,RMSE_Delta_H1_to_H5,RMSE_Pct_Change_H1_to_H5
Validation,Compact LSTM (Phase 9),Recurrent Neural Network,3,0.5629972989403679,0.7017790322612034,0.899044484617629,0.28104507656271305,0.6100011914169562,0.39001126204800035,0.63488448005654,1.0412888873380723,0.3785157190070787,0.6183844369958197,0.464853738396276,0.7977618969081687,-0.264160004561089,-29.382306335313146,-0.24352699042990367,-23.387072827834608
Test,Compact LSTM (Phase 9),Recurrent Neural Network,2,1.018052768704117,1.25872110041714,0.8993643251894127,0.6406449966953498,0.9209382348944909,1.448034337047818,1.1812819496935134,0.9135217922908052,0.7061701993005338,1.0611118664970811,1.8070515896092718,1.4823298509697502,0.28191762450410074,31.34632057422634,0.568808058678945,62.26540663606567
Validation,Compact GRU (Phase 10),Recurrent Neural Network,3,0.589923637620146,0.8411638737904041,0.49736491555836015,0.9956547815775103,0.08105305173212145,0.20556884295895708,1.1699765962737814,0.6229358233176185,1.049016441419693,0.10705192922536663,0.26705098780972203,1.4023275055664204,0.6726116807154212,135.2350476833137,0.7793916822488018,125.11588723504998
Test,Compact GRU (Phase 10),Recurrent Neural Network,2,0.7843141490054373,1.1713185506832917,0.2705803647068975,0.33296525317976444,0.5259789323601584,1.094355501904634,1.6976906928757316,0.3769779954857687,0.41646851739676316,0.5799726084452066,1.4358482123132972,2.0362585752946214,1.4271103281688342,527.4256798769312,1.6592805798088528,440.1531653513958
Validation,Config A (Total Count),Feature Ablation,3,0.5629972989403679,0.7017790322612034,0.899044484617629,0.28104507656271305,0.6100011914169562,0.39001126204800035,0.63488448005654,1.0412888873380723,0.3785157190070787,0.6183844369958197,0.464853738396276,0.7977618969081687,-0.264160004561089,-29.382306335313146,-0.24352699042990367,-23.387072827834608
Test,Config A (Total Count),Feature Ablation,2,1.018052768704117,1.25872110041714,0.8993643251894127,0.6406449966953498,0.9209382348944909,1.448034337047818,1.1812819496935134,0.9135217922908052,0.7061701993005338,1.0611118664970811,1.8070515896092718,1.4823298509697502,0.28191762450410074,31.34632057422634,0.568808058678945,62.26540663606567
Validation,Config B (Total Count + HVR),Feature Ablation,3,0.6808536344812703,0.9442029218078288,0.6794027616792396,0.5299670001951189,0.40373989477391325,0.22545594385321277,1.5657025719048672,0.8789229404364906,0.6240422343149731,0.4341114862228344,0.2387557175130157,1.7464834574659165,0.8862998102256275,130.45278297589087,0.8675605170294259,98.7072332642243
Test,Config B (Total Count + HVR),Feature Ablation,2,0.9488157282153326,1.3480653512943883,0.6908197276779929,0.3349399793710228,0.4823407252552082,1.0981586681835904,2.1378195405888487,0.7371438460567579,0.4252570786288956,0.4928308969679525,1.5286607822914013,2.4046809026931175,1.4469998129108559,209.46127548710308,1.6675370566363596,226.21596389315366
Validation,Config C (Total Count + Occupancy),Feature Ablation,3,0.7028023353223074,0.8528190910506037,1.3509900895006146,0.3787136335476666,0.801385911394962,0.28788642159132494,0.6950356205769697,1.4672167274214223,0.3966408922766619,0.8092911388682629,0.2997675492403115,0.7626534970892106,-0.655954468923645,-48.55361072012857,-0.7045632303322117,-48.020392431761245
Test,Config C (Total Count + Occupancy),Feature Ablation,2,1.1564966295278887,1.3115622151508284,1.4064238325191782,0.9677840380177121,1.0780307135793392,1.1902784949889385,1.1399660685342763,1.425082401120561,1.0237483628762512,1.1961681705317233,1.6151410666373724,1.2176032618425723,-0.26645776398490195,-18.945765694799434,-0.20747913927798867,-14.559097713566956
Validation,Config D (Total Count + HVR + Occupancy),Feature Ablation,3,0.6220971892610946,0.8076762397814863,0.6610060297797878,0.36913637127734195,0.4098213259277135,0.7552616017358491,0.915260617584781,0.8666664804172821,0.5194054121559872,0.42125936736361674,0.8060706699619296,1.1889501215431733,0.2542545878049932,38.46479099285938,0.32228364112589114,37.186581967577446
Test,Config D (Total Count + HVR + Occupancy),Feature Ablation,2,1.0202964218174468,1.376232861663175,0.697377540286925,0.4048192667312187,0.7299182767277824,1.8225951379748366,1.4467718873664719,0.7299763113524957,0.5043648217186412,0.9618998478711679,2.088236019314798,1.843055660957286,0.7493943470795469,107.4589162666782,1.1130793496047902,152.48157129133182
Validation,Persistence (Naïve),Statistical Baseline,3,0.7542666666666666,0.88394170245177,1.0843333333333334,0.49400000000000005,0.6696666666666666,0.3313333333333334,1.192,1.111395669117589,0.511273573213663,0.6838135710849851,0.41657892409482283,1.3300468663421852,0.10766666666666658,9.929296034429749,0.21865119722459614,19.673569305717905
Test,Persistence (Naïve),Statistical Baseline,2,0.8602999999999998,1.0612275439320258,0.9214999999999998,1.0114999999999998,0.15649999999999986,1.7539999999999996,0.4580000000000001,1.0346654048531823,1.013953894415323,0.2192133663807932,1.790362253846969,0.5281410796368713,-0.4634999999999997,-50.298426478567535,-0.506524325216311,-48.95537463999641
Validation,Moving Average (SMA K=3),Statistical Baseline,3,0.5164444444444445,0.6364759109229392,0.5305555555555556,0.4442222222222223,0.2992222222222223,0.4400000000000001,0.8682222222222222,0.6446526770859438,0.6319163681186747,0.3259754023894487,0.44735278977393067,0.9509090777114677,0.33766666666666667,63.64397905759163,0.30625640062552395,47.50719441822693
Test,Moving Average (SMA K=3),Statistical Baseline,2,0.6731666666666667,0.881438136733877,0.27116666666666644,0.3858333333333335,0.49683333333333357,1.1036666666666664,1.1083333333333334,0.3124228793727428,0.5284966624513558,0.5216046288990246,1.2933698448454545,1.2501488800227845,0.837166666666667,308.72771972956394,0.9377260006500416,300.14639213771136
Validation,Moving Average (SMA K=5),Statistical Baseline,3,0.8615866666666668,0.9780606729646173,0.6533333333333334,0.9230000000000002,0.6833333333333336,0.9270000000000002,1.1212666666666669,0.8479248237117881,1.1264862360455188,0.7701133942478863,0.956881135077219,1.1341823075091002,0.4679333333333334,71.62244897959184,0.2862574837973121,33.75977159675794
Test,Moving Average (SMA K=5),Statistical Baseline,2,0.68598,0.9070051267771314,0.2598999999999999,0.4499000000000002,0.5081000000000001,1.0924,1.1196,0.27540373998912926,0.5699473835364105,0.5548423379663814,1.3185493240679318,1.2908066935060416,0.8597,330.7810696421702,1.0154029535169125,368.69613809783135
