clip_index,filename,timestamp,date,traffic_class,weather,valid_frames,vehicle_count,car_count,truck_count,bus_count,occupancy_ratio,max_occupancy_ratio
1,cctv052x2004080517x01652.avi,17.01652,20040805,heavy,overcast,52,8.942,8.346,0.212,0.385,0.1492,0.2322
2,cctv052x2004080517x01653.avi,17.01653,20040805,heavy,overcast,52,9.558,8.558,0.75,0.25,0.2176,0.3046
3,cctv052x2004080517x01654.avi,17.01654,20040805,heavy,clear,52,12.442,11.769,0.038,0.635,0.2448,0.3663
4,cctv052x2004080517x01655.avi,17.01655,20040805,heavy,overcast,52,12.038,11.923,0.019,0.096,0.1483,0.2048
5,cctv052x2004080517x01656.avi,17.01656,20040805,heavy,overcast,52,12.269,11.442,0.385,0.442,0.2254,0.2869
6,cctv052x2004080517x01657.avi,17.01657,20040805,heavy,overcast,52,8.712,7.75,0.519,0.442,0.1382,0.2066
7,cctv052x2004080517x01658.avi,17.01658,20040805,heavy,overcast,52,12.135,9.673,0.25,2.212,0.3008,0.3724
8,cctv052x2004080517x01659.avi,17.01659,20040805,heavy,overcast,52,16.192,16.154,0.0,0.038,0.2865,0.3563
9,cctv052x2004080517x01660.avi,17.01660,20040805,heavy,overcast,52,12.058,10.154,0.808,1.096,0.22,0.314
10,cctv052x2004080517x01661.avi,17.01661,20040805,heavy,clear,52,11.481,9.731,0.212,1.538,0.2644,0.4188
11,cctv052x2004080517x01662.avi,17.01662,20040805,heavy,clear,52,12.731,12.404,0.231,0.096,0.2246,0.4097
12,cctv052x2004080517x01663.avi,17.01663,20040805,heavy,overcast,52,15.404,14.731,0.038,0.635,0.2117,0.2666
13,cctv052x2004080517x01664.avi,17.01664,20040805,medium,overcast,51,9.667,8.784,0.255,0.627,0.1351,0.2165
14,cctv052x2004080517x01665.avi,17.01665,20040805,medium,overcast,52,11.25,10.673,0.538,0.038,0.1464,0.2026
15,cctv052x2004080518x01666.avi,18.01666,20040805,medium,overcast,50,10.08,9.6,0.42,0.06,0.1354,0.2013
16,cctv052x2004080518x01667.avi,18.01667,20040805,medium,overcast,50,11.48,11.04,0.32,0.12,0.1601,0.2294
17,cctv052x2004080518x01668.avi,18.01668,20040805,heavy,overcast,52,17.038,16.75,0.077,0.212,0.2439,0.3058
18,cctv052x2004080518x01669.avi,18.01669,20040805,medium,overcast,52,9.769,9.077,0.442,0.25,0.1286,0.1764
19,cctv052x2004080518x01670.avi,18.01670,20040805,medium,overcast,51,7.549,7.451,0.098,0.0,0.0865,0.1628
20,cctv052x2004080518x01671.avi,18.01671,20040805,medium,clear,52,11.058,10.846,0.173,0.038,0.1672,0.2247
21,cctv052x2004080518x01672.avi,18.01672,20040805,medium,overcast,52,9.269,9.115,0.115,0.038,0.1179,0.1699
22,cctv052x2004080518x01673.avi,18.01673,20040805,light,overcast,51,2.647,2.118,0.157,0.373,0.0342,0.0829
23,cctv052x2004080518x01674.avi,18.01674,20040805,medium,overcast,52,8.692,7.827,0.5,0.365,0.1279,0.1859
24,cctv052x2004080518x01675.avi,18.01675,20040805,light,overcast,52,1.577,1.577,0.0,0.0,0.0155,0.0508
25,cctv052x2004080518x01676.avi,18.01676,20040805,light,overcast,52,2.865,2.846,0.019,0.0,0.0295,0.0644
26,cctv052x2004080518x01677.avi,18.01677,20040805,light,overcast,52,1.904,1.788,0.096,0.019,0.0224,0.0567
27,cctv052x2004080519x01678.avi,19.01678,20040805,light,overcast,52,4.192,3.885,0.173,0.135,0.059,0.1686
28,cctv052x2004080519x01679.avi,19.01679,20040805,light,overcast,52,3.077,3.058,0.019,0.0,0.0273,0.1144
29,cctv052x2004080519x01680.avi,19.01680,20040805,light,overcast,52,2.115,2.058,0.058,0.0,0.0194,0.0741
30,cctv052x2004080519x01681.avi,19.01681,20040805,light,overcast,52,2.115,1.981,0.135,0.0,0.0206,0.0528
31,cctv052x2004080519x01682.avi,19.01682,20040805,light,overcast,52,0.981,0.981,0.0,0.0,0.0109,0.0352
32,cctv052x2004080519x01683.avi,19.01683,20040805,light,overcast,51,2.059,1.961,0.098,0.0,0.0205,0.0626
33,cctv052x2004080519x01684.avi,19.01684,20040805,light,overcast,52,0.673,0.654,0.019,0.0,0.006,0.0278
34,cctv052x2004080519x01685.avi,19.01685,20040805,light,overcast,52,1.462,1.346,0.115,0.0,0.0168,0.0603
35,cctv052x2004080519x01686.avi,19.01686,20040805,light,overcast,48,1.25,1.25,0.0,0.0,0.0107,0.0343
36,cctv052x2004080519x01687.avi,19.01687,20040805,light,overcast,51,1.392,1.392,0.0,0.0,0.0141,0.0578
37,cctv052x2004080519x01688.avi,19.01688,20040805,light,overcast,52,0.731,0.712,0.019,0.0,0.0072,0.0344
38,cctv052x2004080519x01689.avi,19.01689,20040805,light,overcast,51,2.51,2.412,0.098,0.0,0.0239,0.0832
39,cctv052x2004080519x01690.avi,19.01690,20040805,light,overcast,51,1.118,1.098,0.02,0.0,0.0137,0.1001
40,cctv052x2004080519x01691.avi,19.01691,20040805,light,overcast,51,1.569,1.569,0.0,0.0,0.0145,0.1156
41,cctv052x2004080519x01692.avi,19.01692,20040805,light,overcast,50,2.2,2.18,0.02,0.0,0.0246,0.0763
42,cctv052x2004080519x01693.avi,19.01693,20040805,light,overcast,52,1.115,1.058,0.058,0.0,0.0123,0.0686
43,cctv052x2004080520x01694.avi,20.01694,20040805,light,overcast,52,3.231,3.231,0.0,0.0,0.0294,0.0771
44,cctv052x2004080520x01695.avi,20.01695,20040805,light,overcast,52,0.923,0.923,0.0,0.0,0.0078,0.0415
