observation_index,clip_index,filename,date,timestamp,hour,seq_id,traffic_class,weather,valid_frames,total_vehicle_count,HVR,occupancy_ratio,car_count,truck_count,bus_count,max_occupancy_ratio
1,1,cctv052x2004080517x01652.avi,20040805,17.01652,17,1652,heavy,overcast,52,8.942,0.0248,0.1492,8.346,0.212,0.385,0.2322
2,2,cctv052x2004080517x01653.avi,20040805,17.01653,17,1653,heavy,overcast,52,9.558,0.0806,0.2176,8.558,0.75,0.25,0.3046
3,3,cctv052x2004080517x01654.avi,20040805,17.01654,17,1654,heavy,clear,52,12.442,0.0032,0.2448,11.769,0.038,0.635,0.3663
4,4,cctv052x2004080517x01655.avi,20040805,17.01655,17,1655,heavy,overcast,52,12.038,0.0016,0.1483,11.923,0.019,0.096,0.2048
5,5,cctv052x2004080517x01656.avi,20040805,17.01656,17,1656,heavy,overcast,52,12.269,0.0326,0.2254,11.442,0.385,0.442,0.2869
6,6,cctv052x2004080517x01657.avi,20040805,17.01657,17,1657,heavy,overcast,52,8.712,0.0628,0.1382,7.75,0.519,0.442,0.2066
7,7,cctv052x2004080517x01658.avi,20040805,17.01658,17,1658,heavy,overcast,52,12.135,0.0252,0.3008,9.673,0.25,2.212,0.3724
8,8,cctv052x2004080517x01659.avi,20040805,17.01659,17,1659,heavy,overcast,52,16.192,0.0,0.2865,16.154,0.0,0.038,0.3563
9,9,cctv052x2004080517x01660.avi,20040805,17.0166,17,1660,heavy,overcast,52,12.058,0.0737,0.22,10.154,0.808,1.096,0.314
10,10,cctv052x2004080517x01661.avi,20040805,17.01661,17,1661,heavy,clear,52,11.481,0.0213,0.2644,9.731,0.212,1.538,0.4188
11,11,cctv052x2004080517x01662.avi,20040805,17.01662,17,1662,heavy,clear,52,12.731,0.0183,0.2246,12.404,0.231,0.096,0.4097
12,12,cctv052x2004080517x01663.avi,20040805,17.01663,17,1663,heavy,overcast,52,15.404,0.0026,0.2117,14.731,0.038,0.635,0.2666
13,13,cctv052x2004080517x01664.avi,20040805,17.01664,17,1664,medium,overcast,51,9.667,0.0282,0.1351,8.784,0.255,0.627,0.2165
14,14,cctv052x2004080517x01665.avi,20040805,17.01665,17,1665,medium,overcast,52,11.25,0.048,0.1464,10.673,0.538,0.038,0.2026
15,15,cctv052x2004080518x01666.avi,20040805,18.01666,18,1666,medium,overcast,50,10.08,0.0419,0.1354,9.6,0.42,0.06,0.2013
16,16,cctv052x2004080518x01667.avi,20040805,18.01667,18,1667,medium,overcast,50,11.48,0.0282,0.1601,11.04,0.32,0.12,0.2294
17,17,cctv052x2004080518x01668.avi,20040805,18.01668,18,1668,heavy,overcast,52,17.038,0.0046,0.2439,16.75,0.077,0.212,0.3058
18,18,cctv052x2004080518x01669.avi,20040805,18.01669,18,1669,medium,overcast,52,9.769,0.0464,0.1286,9.077,0.442,0.25,0.1764
19,19,cctv052x2004080518x01670.avi,20040805,18.0167,18,1670,medium,overcast,51,7.549,0.013,0.0865,7.451,0.098,0.0,0.1628
20,20,cctv052x2004080518x01671.avi,20040805,18.01671,18,1671,medium,clear,52,11.058,0.0157,0.1672,10.846,0.173,0.038,0.2247
21,21,cctv052x2004080518x01672.avi,20040805,18.01672,18,1672,medium,overcast,52,9.269,0.0125,0.1179,9.115,0.115,0.038,0.1699
22,22,cctv052x2004080518x01673.avi,20040805,18.01673,18,1673,light,overcast,51,2.647,0.069,0.0342,2.118,0.157,0.373,0.0829
23,23,cctv052x2004080518x01674.avi,20040805,18.01674,18,1674,medium,overcast,52,8.692,0.06,0.1279,7.827,0.5,0.365,0.1859
24,24,cctv052x2004080518x01675.avi,20040805,18.01675,18,1675,light,overcast,52,1.577,0.0,0.0155,1.577,0.0,0.0,0.0508
25,25,cctv052x2004080518x01676.avi,20040805,18.01676,18,1676,light,overcast,52,2.865,0.0066,0.0295,2.846,0.019,0.0,0.0644
26,26,cctv052x2004080518x01677.avi,20040805,18.01677,18,1677,light,overcast,52,1.904,0.051,0.0224,1.788,0.096,0.019,0.0567
27,27,cctv052x2004080519x01678.avi,20040805,19.01678,19,1678,light,overcast,52,4.192,0.0426,0.059,3.885,0.173,0.135,0.1686
28,28,cctv052x2004080519x01679.avi,20040805,19.01679,19,1679,light,overcast,52,3.077,0.0062,0.0273,3.058,0.019,0.0,0.1144
29,29,cctv052x2004080519x01680.avi,20040805,19.0168,19,1680,light,overcast,52,2.115,0.0274,0.0194,2.058,0.058,0.0,0.0741
30,30,cctv052x2004080519x01681.avi,20040805,19.01681,19,1681,light,overcast,52,2.115,0.0638,0.0206,1.981,0.135,0.0,0.0528
31,31,cctv052x2004080519x01682.avi,20040805,19.01682,19,1682,light,overcast,52,0.981,0.0,0.0109,0.981,0.0,0.0,0.0352
32,32,cctv052x2004080519x01683.avi,20040805,19.01683,19,1683,light,overcast,51,2.059,0.0476,0.0205,1.961,0.098,0.0,0.0626
33,33,cctv052x2004080519x01684.avi,20040805,19.01684,19,1684,light,overcast,52,0.673,0.0282,0.006,0.654,0.019,0.0,0.0278
34,34,cctv052x2004080519x01685.avi,20040805,19.01685,19,1685,light,overcast,52,1.462,0.0787,0.0168,1.346,0.115,0.0,0.0603
35,35,cctv052x2004080519x01686.avi,20040805,19.01686,19,1686,light,overcast,48,1.25,0.0,0.0107,1.25,0.0,0.0,0.0343
36,36,cctv052x2004080519x01687.avi,20040805,19.01687,19,1687,light,overcast,51,1.392,0.0,0.0141,1.392,0.0,0.0,0.0578
37,37,cctv052x2004080519x01688.avi,20040805,19.01688,19,1688,light,overcast,52,0.731,0.026,0.0072,0.712,0.019,0.0,0.0344
38,38,cctv052x2004080519x01689.avi,20040805,19.01689,19,1689,light,overcast,51,2.51,0.039,0.0239,2.412,0.098,0.0,0.0832
39,39,cctv052x2004080519x01690.avi,20040805,19.0169,19,1690,light,overcast,51,1.118,0.0179,0.0137,1.098,0.02,0.0,0.1001
40,40,cctv052x2004080519x01691.avi,20040805,19.01691,19,1691,light,overcast,51,1.569,0.0,0.0145,1.569,0.0,0.0,0.1156
41,41,cctv052x2004080519x01692.avi,20040805,19.01692,19,1692,light,overcast,50,2.2,0.0091,0.0246,2.18,0.02,0.0,0.0763
42,42,cctv052x2004080519x01693.avi,20040805,19.01693,19,1693,light,overcast,52,1.115,0.052,0.0123,1.058,0.058,0.0,0.0686
43,43,cctv052x2004080520x01694.avi,20040805,20.01694,20,1694,light,overcast,52,3.231,0.0,0.0294,3.231,0.0,0.0,0.0771
44,44,cctv052x2004080520x01695.avi,20040805,20.01695,20,1695,light,overcast,52,0.923,0.0,0.0078,0.923,0.0,0.0,0.0415
