Regime,Model,Category,Windows,Overall_MAE,Overall_RMSE,H1_MAE,H2_MAE,H3_MAE,H4_MAE,H5_MAE,H1_RMSE,H2_RMSE,H3_RMSE,H4_RMSE,H5_RMSE
Rapid Transition,Persistence,Statistical Baseline,1,0.9517999999999998,1.0377968009201028,1.3919999999999997,0.9409999999999998,0.3099999999999996,1.3949999999999998,0.7210000000000001,1.3919999999999997,0.9409999999999998,0.3099999999999996,1.3949999999999998,0.7210000000000001
Stable,Persistence,Statistical Baseline,1,0.7687999999999999,1.0841520188608236,0.45099999999999985,1.082,0.0030000000000001137,2.1129999999999995,0.19500000000000006,0.45099999999999985,1.082,0.0030000000000001137,2.1129999999999995,0.19500000000000006
Overall,Persistence,Statistical Baseline,2,0.8602999999999998,1.0612275439320258,0.9214999999999998,1.0114999999999998,0.15649999999999986,1.7539999999999996,0.4580000000000001,1.0346654048531823,1.013953894415323,0.2192133663807932,1.790362253846969,0.5281410796368713
Rapid Transition,SMA-3,Statistical Baseline,1,0.6445333333333334,0.8533977840244126,0.426333333333333,0.024666666666666837,0.6556666666666671,0.4293333333333331,1.6866666666666668,0.426333333333333,0.024666666666666837,0.6556666666666671,0.4293333333333331,1.6866666666666668
Stable,SMA-3,Statistical Baseline,1,0.7018000000000001,0.9086135592208603,0.11599999999999988,0.7470000000000001,0.3380000000000001,1.7779999999999998,0.53,0.11599999999999988,0.7470000000000001,0.3380000000000001,1.7779999999999998,0.53
Overall,SMA-3,Statistical Baseline,2,0.6731666666666667,0.881438136733877,0.27116666666666644,0.3858333333333335,0.49683333333333357,1.1036666666666664,1.1083333333333334,0.3124228793727428,0.5284966624513558,0.5216046288990246,1.2933698448454545,1.2501488800227845
Rapid Transition,Compact LSTM,Recurrent Neural Network,1,1.058987287902832,1.2478093687334963,1.0595708198547362,0.3435747566223144,1.448034477233887,0.3670008087158203,2.076755577087402,1.0595708198547362,0.3435747566223144,1.448034477233887,0.3670008087158203,2.076755577087402
Stable,Compact LSTM,Recurrent Neural Network,1,0.9771175582885743,1.2695381625407471,0.739159351348877,0.9377138137817385,0.3938400650024414,2.5290661392211913,0.285808422088623,0.739159351348877,0.9377138137817385,0.3938400650024414,2.5290661392211913,0.285808422088623
Overall,Compact LSTM,Recurrent Neural Network,2,1.018052423095703,1.258720653450642,0.8993650856018066,0.6406442852020264,0.9209372711181641,1.448033473968506,1.1812819995880126,0.9135225418603885,0.7061695299094883,1.0611111732658232,1.807050792057773,1.482329278719883
Rapid Transition,Compact GRU,Recurrent Neural Network,1,0.9746812446594237,1.3571129917764087,0.5330667800903319,0.5831263122558594,0.7703434944152834,0.164815673828125,2.8220539627075194,0.5330667800903319,0.5831263122558594,0.7703434944152834,0.164815673828125,2.8220539627075194
Stable,Compact GRU,Recurrent Neural Network,1,0.5939468208312988,0.9498508868363837,0.008094066619872997,0.08280439376831072,0.28161455154418946,2.0238953170776366,0.5733257751464844,0.008094066619872997,0.08280439376831072,0.28161455154418946,2.0238953170776366,0.5733257751464844
Overall,Compact GRU,Recurrent Neural Network,2,0.7843140327453613,1.171318142024655,0.27058042335510246,0.3329653530120851,0.5259790229797364,1.0943554954528807,1.697689868927002,0.37697858423942415,0.41646900465248043,0.579972350646729,1.4358475651733034,2.0362577210265562
Rapid Transition,Config A (Total Count),Feature Ablation,1,1.058987287902832,1.2478093687334963,1.0595708198547362,0.3435747566223144,1.448034477233887,0.3670008087158203,2.076755577087402,1.0595708198547362,0.3435747566223144,1.448034477233887,0.3670008087158203,2.076755577087402
Stable,Config A (Total Count),Feature Ablation,1,0.9771175582885743,1.2695381625407471,0.739159351348877,0.9377138137817385,0.3938400650024414,2.5290661392211913,0.285808422088623,0.739159351348877,0.9377138137817385,0.3938400650024414,2.5290661392211913,0.285808422088623
Overall,Config A (Total Count),Feature Ablation,2,1.018052423095703,1.258720653450642,0.8993650856018066,0.6406442852020264,0.9209372711181641,1.448033473968506,1.1812819995880126,0.9135225418603885,0.7061695299094883,1.0611111732658232,1.807050792057773,1.482329278719883
Rapid Transition,Config C (+Occupancy),Feature Ablation,1,1.1065784019470215,1.2724246414546085,1.6362762756347655,0.6339347305297851,1.5963623046875002,0.09852766036987304,1.5677910385131835,1.6362762756347655,0.6339347305297851,1.5963623046875002,0.09852766036987304,1.5677910385131835
Stable,Config C (+Occupancy),Feature Ablation,1,1.206413956451416,1.349564547306187,1.176572566986084,1.3016316413879396,0.559697380065918,2.2820272979736327,0.7121408958435058,1.176572566986084,1.3016316413879396,0.559697380065918,2.2820272979736327,0.7121408958435058
Overall,Config C (+Occupancy),Feature Ablation,2,1.1564961791992188,1.311561842904604,1.4064244213104247,0.9677831859588624,1.0780298423767092,1.190277479171753,1.1399659671783446,1.4250829897920685,1.0237475695781,1.196167581294494,1.6151402862529929,1.2176028490388475
