Split,Horizon,Calibration_Quantile,Empirical_Coverage,Average_Interval_Width,MAE,RMSE,Num_Observations
Validation,H1,0.9620936889648437,1.0,1.9241873779296874,0.4973653869628907,0.622936195380291,3
Validation,H2,1.454087116241455,1.0,2.90817423248291,0.9956556129455567,1.049017217219204,3
Validation,H3,0.17569684982299805,1.0,0.3513936996459961,0.08105274963378901,0.10705223827850187,3
Validation,H4,0.44067854309082033,1.0,0.8813570861816408,0.20556854756673174,0.26705115428292725,3
Validation,H5,2.1878297424316404,1.0,2.5621872838338215,1.1699757919311522,1.402326739719009,3
Validation,Overall,1.0440771881103514,1.0,1.725459936014811,0.589923617808024,0.8411638854815892,15
Test,H1,0.9620936889648437,1.0,1.9241873779296874,0.27058042335510246,0.37697858423942415,2
Test,H2,1.454087116241455,1.0,2.90817423248291,0.3329653530120851,0.41646900465248043,2
Test,H3,0.17569684982299805,0.0,0.3513936996459961,0.5259790229797364,0.579972350646729,2
Test,H4,0.44067854309082033,0.5,0.8813570861816408,1.0943554954528807,1.4358475651733034,2
Test,H5,2.1878297424316404,0.5,2.5671398735046385,1.697689868927002,2.0362577210265562,2
Test,Overall,1.0440771881103514,0.6,1.7264504539489747,0.7843140327453613,1.171318142024655,10
